﻿<?xml version="1.0" encoding="utf-8" ?>
<words>
  <word>
    <key>total_stars</key>
    <represent>Total</represent>
  </word>
  <word>
    <key>pack</key>
    <represent>Pack</represent>
  </word>
  <word>
    <key>company_name</key>
    <represent>White Room Games</represent>
  </word>
  <word>
    <key>kirill</key>
    <represent>Kirill Nekrasov</represent>
  </word>
  <word>
    <key>evgen</key>
    <represent>Evgeniy Khvan</represent>
  </word>
  <word>
    <key>yurii</key>
    <represent>Yurii Trofimov</represent>
  </word>
  <word>
    <key>twin_sevens</key>
    <represent>Twin Sevens</represent>
  </word>
  <word>
    <key>like_music</key>
    <represent>Do you like the music?</represent>
  </word>
  <word>
    <key>follow</key>
    <represent>Follow us</represent>
  </word>
  <word>
    <key>design</key>
    <represent>Design</represent>
  </word>
  <word>
    <key>art</key>
    <represent>Art</represent>
  </word>
  <word>
    <key>music_sounds</key>
    <represent>Music and sounds</represent>
  </word>
  <word>
    <key>code</key>
    <represent>Programming</represent>
  </word>
  <word>
    <key>level</key>
    <represent>Level</represent>
  </word>
  <word>
    <key>level_complete</key>
    <represent>Level\ncomplete</represent>
  </word>
  <word>
    <key>loading</key>
    <represent>Loading...</represent>
  </word>
  <word>
    <key>moves</key>
    <represent>Moves</represent>
  </word>
  <word>
    <key>record</key>
    <represent>Record</represent>
  </word>
  <word>
    <key>premium_version</key>
    <represent>Premium\nversion</represent>
  </word>
  <word>
    <key>remove_ads</key>
    <represent>Remove ads</represent>
  </word>
  <word>
    <key>infinite_energy</key>
    <represent>Infinite energy</represent>
  </word>
  <word>
    <key>boost_timemachine_open</key>
    <represent>Boost open</represent>
  </word>
  <word>
    <key>buy</key>
    <represent>Buy</represent>
  </word>
  <word>
    <key>rate_text</key>
    <represent>Rate game and get full energy</represent>
  </word>
  <word>
    <key>soon_text</key>
    <represent>Soon more levels</represent>
  </word>
</words>