﻿<?xml version="1.0" encoding="utf-8" ?>
<words>
  <word>
    <key>total_stars</key>
    <represent>Всего</represent>
  </word>
  <word>
    <key>pack</key>
    <represent>Пак</represent>
  </word>
  <word>
    <key>company_name</key>
    <represent>White Room Games</represent>
  </word>
  <word>
    <key>kirill</key>
    <represent>Кирил Некрасов</represent>
  </word>
  <word>
    <key>evgen</key>
    <represent>Евгений Хван</represent>
  </word>
  <word>
    <key>yurii</key>
    <represent>Юрий Трофимов</represent>
  </word>
  <word>
    <key>twin_sevens</key>
    <represent>Twin Sevens</represent>
  </word>
  <word>
    <key>like_music</key>
    <represent>Вам нравится музыка?</represent>
  </word>
  <word>
    <key>follow</key>
    <represent>Присоединяйтесь</represent>
  </word>
  <word>
    <key>design</key>
    <represent>Дизайн</represent>
  </word>
  <word>
    <key>art</key>
    <represent>Арт</represent>
  </word>
  <word>
    <key>music_sounds</key>
    <represent>Музыка и звуки</represent>
  </word>
  <word>
    <key>code</key>
    <represent>Программирование</represent>
  </word>
  <word>
    <key>level</key>
    <represent>Уровень</represent>
  </word>
  <word>
    <key>level_complete</key>
    <represent>Уровень\nпройден</represent>
  </word>
  <word>
    <key>loading</key>
    <represent>Загрузка...</represent>
  </word>
  <word>
    <key>moves</key>
    <represent>Ходов</represent>
  </word>
  <word>
    <key>record</key>
    <represent>Рекорд</represent>
  </word>
  <word>
    <key>premium_version</key>
    <represent>Премиум\nверсия</represent>
  </word>
  <word>
    <key>remove_ads</key>
    <represent>Без рекламы</represent>
  </word>
  <word>
    <key>infinite_energy</key>
    <represent>Бесконечная энергия</represent>
  </word>
  <word>
    <key>boost_timemachine_open</key>
    <represent>Бустер</represent>
  </word>
  <word>
    <key>buy</key>
    <represent>Купить</represent>
  </word>
  <word>
    <key>rate_text</key>
    <represent>Оцени игру и продолжи играть</represent>
  </word>
  <word>
    <key>soon_text</key>
    <represent>Скоро новые уровни</represent>
  </word>
</words>